pattern,label,e_f,e_p,n_f,n_p,ochiai,tarantula,dstar,jaccard,op2,rrf_score,rank_rrf,rank,higher_in_positives,fail_pass_rate_delta,fisher_tested,p_value,q_value,reject_bh,reject_bh_exploratory,evidence_level
VERIFY_FAIL :: ACT :: VERIFY_FAIL,global,44.0,7.0,27.0,108.0,0.7312037568257795,0.910563253554076,56.94117647058823,0.5641025641025641,43.939655172413794,0.07901727663528413,1,1,True,0.5588487446417636,True,7.284826647034033e-17,1.2384205299957857e-15,True,True,bh_significant
PLAN :: ACT :: VERIFY_FAIL,global,52.0,20.0,19.0,95.0,0.7272905105237972,0.8081081081081081,69.33333333333333,0.5714285714285714,51.827586206896555,0.07829637311392997,2,2,True,0.5584813227189223,True,2.2129091102370116e-14,1.8809727437014598e-13,True,True,bh_significant
VERIFY_FAIL :: ACT :: ERROR,global,35.0,4.0,36.0,111.0,0.6651300456371259,0.9340914365281967,30.625,0.4666666666666667,34.96551724137931,0.07790716228216228,3,3,True,0.45817513778322105,True,7.285671971334987e-14,4.1285474504231594e-13,True,True,bh_significant
