pattern,label,e_f,e_p,n_f,n_p,ochiai,tarantula,dstar,jaccard,op2,rrf_score,rank_rrf,rank,higher_in_positives,fail_pass_rate_delta,fisher_tested,p_value,q_value,reject_bh,reject_bh_exploratory,evidence_level
REQUEST :: PLAN :: ACT :: VERIFY_FAIL,global,46.0,2.0,25.0,113.0,0.7879670163016614,0.9738586156111929,78.37037037037037,0.6301369863013698,45.98275862068966,0.0800665241149917,1,1,True,0.6304960195958359,True,7.3836841001761e-23,1.47673682003522e-21,True,True,bh_significant
ACT :: VERIFY_FAIL :: ACT :: VERIFY_FAIL,global,43.0,4.0,28.0,111.0,0.7443725548739056,0.9456875119525722,57.78125,0.5733333333333334,42.96551724137931,0.07724712563422241,2,2,True,0.5708511941212492,True,1.0591401013705377e-18,1.0591401013705378e-17,True,True,bh_significant
VERIFY_FAIL :: ACT :: VERIFY_FAIL :: ACT,global,43.0,6.0,28.0,109.0,0.7290230186047956,0.9206851610500837,54.38235294117647,0.5584415584415584,42.94827586206897,0.0755897266313933,3,3,True,0.5534598897734231,True,5.350529574712631e-17,3.5670197164750873e-16,True,True,bh_significant
